{
  "meta": {
    "input_csv": "data/mpv55_visibility_synthetic.csv",
    "input_sha256": "e4f5cd231f7c1f3244f285b099c8365052caa1dcdeb916fb6c94143a3826b7e4",
    "tau": 1.0,
    "n_points": 11
  },
  "models": [
    {
      "name": "linear",
      "a": 0.01095158211096816,
      "rmse": 0.053073649227016746,
      "mae": 0.04742071165244262,
      "r2": 0.7863753676443819,
      "rss": 0.030984934664996567,
      "aic": -31.376996153163972,
      "bic": -30.9791008803656
    },
    {
      "name": "quadratic",
      "b": 0.00020005903840441665,
      "rmse": 0.0037895969150862027,
      "mae": 0.0025395159823436483,
      "r2": 0.9989108706412588,
      "rss": 0.0001579714925671395,
      "aic": -89.44425591835007,
      "bic": -89.0463606455517
    }
  ],
  "decision": {
    "best_model": "quadratic",
    "delta_aic": 58.067259765186094,
    "rule": "menor AIC"
  }
}
